{"properties": [
  {
    "name": "pasta.raiz.origem",
    "type": "java.lang.String",
    "description": "A description for 'pasta.raiz.origem'"
  },
  {
    "name": "pasta.raiz.espelho",
    "type": "java.lang.String",
    "description": "A description for 'pasta.raiz.espelho'"
  },
  {
    "name": "pasta.pessoas",
    "type": "java.lang.String",
    "description": "A description for 'pasta.pessoas'"
  },
  {
    "name": "pasta.cursos",
    "type": "java.lang.String",
    "description": "A description for 'pasta.cursos'"
  },
  {
    "name": "pasta.ofertas",
    "type": "java.lang.String",
    "description": "A description for 'pasta.ofertas'"
  }
]}